<?xml version="1.0" encoding="UTF-8"?>
<project-private xmlns="http://www.netbeans.org/ns/project-private/1">
    <editor-bookmarks xmlns="http://www.netbeans.org/ns/editor-bookmarks/2" lastBookmarkId="0"/>
    <open-files xmlns="http://www.netbeans.org/ns/projectui-open-files/2">
        <group>
            <file>file:/C:/xampp/htdocs/internal-exam/staff/question_paper.php</file>
            <file>file:/C:/xampp/htdocs/internal-exam/db/StaffManager.php</file>
            <file>file:/C:/xampp/htdocs/internal-exam/include/footer.php</file>
            <file>file:/C:/xampp/htdocs/internal-exam/.vscode/launch.json</file>
            <file>file:/C:/xampp/htdocs/internal-exam/Student/student_left_nav.php</file>
            <file>file:/C:/xampp/htdocs/internal-exam/index.php</file>
            <file>file:/C:/xampp/htdocs/internal-exam/db/SubjectManager.php</file>
            <file>file:/C:/xampp/htdocs/internal-exam/db/SessionManager.php</file>
            <file>file:/C:/xampp/htdocs/internal-exam/staff/duty_list.php</file>
            <file>file:/C:/xampp/htdocs/internal-exam/include/config.php</file>
            <file>file:/C:/xampp/htdocs/internal-exam/db/StudentManager.php</file>
            <file>file:/C:/xampp/htdocs/internal-exam/db/QuestionManager.php</file>
            <file>file:/C:/xampp/htdocs/internal-exam/Student/marks.php</file>
            <file>file:/C:/xampp/htdocs/internal-exam/fpdf/TablePdf.php</file>
            <file>file:/C:/xampp/htdocs/internal-exam/mailer/mailer.php</file>
            <file>file:/C:/xampp/htdocs/internal-exam/actions/image.png</file>
            <file>file:/C:/xampp/htdocs/internal-exam/mailer/PHPMailer.php</file>
            <file>file:/C:/xampp/htdocs/internal-exam/actions/login_action.php</file>
            <file>file:/C:/xampp/htdocs/internal-exam/staff/staff_duty.php</file>
            <file>file:/C:/xampp/htdocs/internal-exam/db/TimetableManager.php</file>
            <file>file:/C:/xampp/htdocs/internal-exam/Student/registration.php</file>
            <file>file:/C:/xampp/htdocs/internal-exam/mailer/Exception.php</file>
            <file>file:/C:/xampp/htdocs/internal-exam/actions/admin_actions.php</file>
            <file>file:/C:/xampp/htdocs/internal-exam/fpdf/test_pdf.php</file>
            <file>file:/C:/xampp/htdocs/internal-exam/actions/Response.php</file>
            <file>file:/C:/xampp/htdocs/internal-exam/staff/time_table.php</file>
        </group>
    </open-files>
</project-private>
